Mahesh,Singh,mahesh@gmail.com,28
Kishore,Ghanekar,kishore@gmail.com,26
Chandreyee,Datta,chandreyee@gmail.com,24
Manish,Gada,manish@gmail.com,21
Yashasvi,Nerali,yashasvi@gmail.com,22
Deep,Sinha,deep@gmail.com,28
Meena,Sharma,meena@gmail.com,18
roopal,Gupta,roopal@gmail.com,17
Kaushal,Singh,kaushal@gmail.com,28
Satish,verma,satish@gmail.com,28